x,f(x)
-15.0,111.85339887498948
-14.99,111.71909897626203
-14.98,111.58472726496039
-14.97,111.4502834814163
-14.96,111.31576736456776
-14.950000000000001,111.18117865194874
-14.940000000000001,111.04651707967916
-14.930000000000001,110.91178238245438
-14.920000000000002,110.77697429353489
-14.910000000000002,110.64209254473586
-14.900000000000002,110.50713686641654
-14.890000000000002,110.37210698746937
-14.880000000000003,110.23700263530942
-14.870000000000003,110.10182353586337
-14.860000000000003,109.96656941355862
-14.850000000000003,109.83123999131196
-14.840000000000003,109.69583499051863
-14.830000000000004,109.56035413104081
-14.820000000000004,109.42479713119627
-14.810000000000004,109.2891637077469
-14.800000000000004,109.1534535758869
-14.790000000000004,109.01766644923131
-14.780000000000005,108.88180203980377
-14.770000000000005,108.74586005802497
-14.760000000000005,108.6098402127002
-14.750000000000005,108.47374221100729
-14.740000000000006,108.33756575848436
-14.730000000000006,108.20131055901729
-14.720000000000006,108.0649763148271
-14.710000000000006,107.9285627264574
-14.700000000000006,107.79206949276154
-14.690000000000007,107.65549631088967
-14.680000000000007,107.51884287627558
-14.670000000000007,107.38210888262371
-14.660000000000007,107.24529402189572
-14.650000000000007,107.10839798429703
-14.640000000000008,106.97142045826331
-14.630000000000008,106.83436113044672
-14.620000000000008,106.69721968570214
-14.610000000000008,106.55999580707311
-14.600000000000009,106.42268917577772
-14.590000000000009,106.28529947119443
-14.580000000000009,106.14782637084755
-14.57000000000001,106.01026955039276
-14.56000000000001,105.87262868360249
-14.55000000000001,105.73490344235097
-14.54000000000001,105.59709349659923
-14.53000000000001,105.45919851438009
-14.52000000000001,105.32121816178284
-14.51000000000001,105.18315210293765
-14.50000000000001,105.04500000000016
-14.49000000000001,104.9067615131356
-14.480000000000011,104.768436300503
-14.470000000000011,104.63002401823897
-14.460000000000012,104.49152432044151
-14.450000000000012,104.3529368591536
-14.440000000000012,104.2142612843467
-14.430000000000012,104.0754972439039
-14.420000000000012,103.93664438360297
-14.410000000000013,103.79770234709943
-14.400000000000013,103.65867077590912
-14.390000000000013,103.51954930939083
-14.380000000000013,103.38033758472865
-14.370000000000013,103.24103523691414
-14.360000000000014,103.10164189872832
-14.350000000000014,102.96215720072352
-14.340000000000014,102.82258077120503
-14.330000000000014,102.6829122362124
-14.320000000000014,102.5431512195008
-14.310000000000015,102.40329734252195
-14.300000000000015,102.26335022440514
-14.290000000000015,102.12330948193753
-14.280000000000015,101.98317472954494
-14.270000000000016,101.84294557927178
-14.260000000000016,101.70262164076127
-14.250000000000016,101.562202521235
-14.240000000000016,101.42168782547274
-14.230000000000016,101.28107715579168
-14.220000000000017,101.14037011202551
-14.210000000000017,100.9995662915034
-14.200000000000017,100.85866528902874
-14.190000000000017,100.71766669685734
-14.180000000000017,100.57657010467597
-14.170000000000018,100.43537509958011
-14.160000000000018,100.2940812660517
-14.150000000000018,100.15268818593678
-14.140000000000018,100.01119543842256
-14.130000000000019,99.86960260001446
-14.120000000000019,99.7279092445129
-14.110000000000019,99.58611494298975
-14.10000000000002,99.44421926376457
-14.09000000000002,99.30222177238046
-14.08000000000002,99.16012203157999
-14.07000000000002,99.01791960128027
-14.06000000000002,98.87561403854838
-14.05000000000002,98.73320489757617
-14.04000000000002,98.59069172965475
-14.03000000000002,98.44807408314882
-14.020000000000021,98.30535150347075
-14.010000000000021,98.16252353305416
-14.000000000000021,98.01958971132744
-13.990000000000022,97.87654957468679
-13.980000000000022,97.73340265646907
-13.970000000000022,97.59014848692425
-13.960000000000022,97.4467865931876
-13.950000000000022,97.30331649925147
-13.940000000000023,97.159737725937
-13.930000000000023,97.01604979086515
-13.920000000000023,96.87225220842758
-13.910000000000023,96.72834448975732
-13.900000000000023,96.58432614269873
-13.890000000000024,96.44019667177753
-13.880000000000024,96.29595557817022
-13.870000000000024,96.15160235967318
-13.860000000000024,96.00713651067137
-13.850000000000025,95.86255752210697
-13.840000000000025,95.7178648814471
-13.830000000000025,95.5730580726516
-13.820000000000025,95.4281365761403
-13.810000000000025,95.28309986875988
-13.800000000000026,95.1379474237503
-13.790000000000026,94.99267871071086
-13.780000000000026,94.847293195566
-13.770000000000026,94.70179034053025
-13.760000000000026,94.55616960407342
-13.750000000000027,94.41043044088475
-13.740000000000027,94.26457230183699
-13.730000000000027,94.11859463394981
-13.720000000000027,93.9724968803531
-13.710000000000027,93.82627848024939
-13.700000000000028,93.67993886887616
-13.690000000000028,93.53347747746747
-13.680000000000028,93.38689373321527
-13.670000000000028,93.24018705923011
-13.660000000000029,93.0933568745015
-13.650000000000029,92.94640259385746
-13.640000000000029,92.7993236279241
-13.63000000000003,92.65211938308424
-13.62000000000003,92.50478926143558
-13.61000000000003,92.35733266074865
-13.60000000000003,92.20974897442375
-13.59000000000003,92.06203759144779
-13.58000000000003,91.91419789635037
-13.57000000000003,91.76622926915927
-13.56000000000003,91.61813108535539
-13.550000000000031,91.46990271582729
-13.540000000000031,91.32154352682494
-13.530000000000031,91.17305287991299
-13.520000000000032,91.02443013192322
-13.510000000000032,90.87567463490687
-13.500000000000032,90.72678573608574
-13.490000000000032,90.57776277780313
-13.480000000000032,90.42860509747383
-13.470000000000033,90.27931202753375
-13.460000000000033,90.12988289538853
-13.450000000000033,89.98031702336185
-13.440000000000033,89.83061372864276
-13.430000000000033,89.6807723232325
-13.420000000000034,89.53079211389051
-13.410000000000034,89.38067240207981
-13.400000000000034,89.23041248391155
-13.390000000000034,89.08001165008886
-13.380000000000035,88.92946918585007
-13.370000000000035,88.77878437091091
-13.360000000000035,88.62795647940615
-13.350000000000035,88.4769847798304
-13.340000000000035,88.32586853497808
-13.330000000000036,88.17460700188246
-13.320000000000036,88.02319943175415
-13.310000000000036,87.87164506991846
-13.300000000000036,87.71994315575208
-13.290000000000036,87.56809292261883
-13.280000000000037,87.41609359780448
-13.270000000000037,87.26394440245076
-13.260000000000037,87.11164455148838
-13.250000000000037,86.95919325356913
-13.240000000000038,86.806589710997
-13.230000000000038,86.65383311965854
-13.220000000000038,86.50092266895183
-13.210000000000038,86.34785754171484
-13.200000000000038,86.19463691415265
-13.190000000000039,86.04125995576356
-13.180000000000039,85.88772582926413
-13.170000000000039,85.73403369051337
-13.16000000000004,85.58018268843561
-13.15000000000004,85.42617196494231
-13.14000000000004,85.27200065485287
-13.13000000000004,85.11766788581416
-13.12000000000004,84.96317277821885
-13.11000000000004,84.80851444512275
-13.10000000000004,84.65369199216076
-13.09000000000004,84.49870451746162
-13.080000000000041,84.34355111156145
-13.070000000000041,84.18823085731607
-13.060000000000041,84.03274282981184
-13.050000000000042,83.87708609627532
-13.040000000000042,83.72125971598159
-13.030000000000042,83.56526274016112
-13.020000000000042,83.40909421190538
-13.010000000000042,83.25275316607079
-13.000000000000043,83.09623862918141
-12.990000000000043,82.93954961933026
-12.980000000000043,82.7826851460788
-12.970000000000043,82.62564421035523
-12.960000000000043,82.46842580435093
-12.950000000000044,82.31102891141555
-12.940000000000044,82.1534525059505
-12.930000000000044,81.99569555330046
-12.920000000000044,81.83775700964365
-12.910000000000045,81.67963582188003
-12.900000000000045,81.52133092751806
-12.890000000000045,81.36284125455938
-12.880000000000045,81.20416572138198
-12.870000000000045,81.0453032366213
-12.860000000000046,80.88625269904956
-12.850000000000046,80.72701299745316
-12.840000000000046,80.56758301050813
-12.830000000000046,80.40796160665346
-12.820000000000046,80.24814764396271
-12.810000000000047,80.08813997001326
-12.800000000000047,79.92793742175348
-12.790000000000047,79.76753882536791
-12.780000000000047,79.60694299614015
-12.770000000000048,79.44614873831345
-12.760000000000048,79.28515484494916
-12.750000000000048,79.12396009778266
-12.740000000000048,78.96256326707713
-12.730000000000048,78.8009631114748
-12.720000000000049,78.63915837784555
-12.710000000000049,78.47714780113346
-12.700000000000049,78.31493010420012
-12.69000000000005,78.152503997666
-12.68000000000005,77.98986817974858
-12.67000000000005,77.82702133609816
-12.66000000000005,77.66396213963047
-12.65000000000005,77.50068925035696
-12.64000000000005,77.33720131521163
-12.63000000000005,77.17349696787517
-12.62000000000005,77.00957482859613
-12.610000000000051,76.8454335040088
-12.600000000000051,76.68107158694805
-12.590000000000051,76.51648765626089
-12.580000000000052,76.35168027661476
-12.570000000000052,76.18664799830246
-12.560000000000052,76.02138935704353
-12.550000000000052,75.8559028737823
-12.540000000000052,75.69018705448217
-12.530000000000053,75.52424038991627
-12.520000000000053,75.35806135545451
-12.510000000000053,75.19164841084651
-12.500000000000053,75.02500000000089
-12.490000000000054,74.85811455076039
-12.480000000000054,74.69099047467292
-12.470000000000054,74.52362616675849
-12.460000000000054,74.3560200052719
-12.450000000000054,74.18817035146074
-12.440000000000055,74.02007554931934
-12.430000000000055,73.85173392533792
-12.420000000000055,73.68314378824705
-12.410000000000055,73.51430342875736
-12.400000000000055,73.34521111929439
-12.390000000000056,73.17586511372839
-12.380000000000056,73.00626364709908
-12.370000000000056,72.83640493533487
-12.360000000000056,72.66628717496717
-12.350000000000056,72.49590854283883
-12.340000000000057,72.32526719580719
-12.330000000000057,72.1543612704412
-12.320000000000057,71.98318888271275
-12.310000000000057,71.81174812768202
-12.300000000000058,71.6400370791765
-12.290000000000058,71.46805378946387
-12.280000000000058,71.29579628891818
-12.270000000000058,71.1232625856796
-12.260000000000058,70.95045066530737
-12.250000000000059,70.77735849042554
-12.240000000000059,70.60398400036192
-12.230000000000059,70.43032511077942
-12.22000000000006,70.25637971330016
-12.21000000000006,70.08214567512174
-12.20000000000006,69.90762083862565
-12.19000000000006,69.73280302097761
-12.18000000000006,69.55769001371986
-12.17000000000006,69.3822795823546
-12.16000000000006,69.20656946591905
-12.15000000000006,69.03055737655129
-12.140000000000061,68.85424099904746
-12.130000000000061,68.67761799040892
-12.120000000000061,68.50068597938035
-12.110000000000062,68.32344256597757
-12.100000000000062,68.14588532100551
-12.090000000000062,67.96801178556561
-12.080000000000062,67.78981947055269
-12.070000000000062,67.61130585614063
-12.060000000000063,67.43246839125698
-12.050000000000063,67.25330449304603
-12.040000000000063,67.07381154631993
-12.030000000000063,66.89398690299761
-12.020000000000064,66.71382788153119
-12.010000000000064,66.53333176631963
-12.000000000000064,66.35249580710915
-11.990000000000064,66.17131721837978
-11.980000000000064,65.9897931787184
-11.970000000000065,65.80792083017714
-11.960000000000065,65.62569727761706
-11.950000000000065,65.44311958803681
-11.940000000000065,65.26018478988551
-11.930000000000065,65.07688987235967
-11.920000000000066,64.89323178468373
-11.910000000000066,64.70920743537344
-11.900000000000066,64.5248136914818
-11.890000000000066,64.34004737782713
-11.880000000000067,64.15490527620273
-11.870000000000067,63.96938412456711
-11.860000000000067,63.783480616215044
-11.850000000000067,63.59719139892832
-11.840000000000067,63.41051307410536
-11.830000000000068,63.223442195870106
-11.820000000000068,63.03597527015818
-11.810000000000068,62.8481087537807
-11.800000000000068,62.65983905346459
-11.790000000000068,62.47116252486863
-11.780000000000069,62.282075471574885
-11.770000000000069,62.09257414405415
-11.760000000000069,61.90265473860522
-11.75000000000007,61.712313396266644
-11.74000000000007,61.521546201700616
-11.73000000000007,61.33034918204741
-11.72000000000007,61.13871830575026
-11.71000000000007,60.94664948134908
-11.70000000000007,60.75413855624221
-11.69000000000007,60.56118131541546
-11.68000000000007,60.36777348013672
-11.670000000000071,60.17391070661577
-11.660000000000071,59.97958858462749
-11.650000000000071,59.78480263609774
-11.640000000000072,59.58954831365023
-11.630000000000072,59.39382099911353
-11.620000000000072,59.197616001986354
-11.610000000000072,59.00092855786027
-11.600000000000072,58.8037538267977
-11.590000000000073,58.60608689166445
-11.580000000000073,58.40792275641441
-11.570000000000073,58.20925634432535
-11.560000000000073,58.010082496183806
-11.550000000000074,57.81039596841724
-11.540000000000074,57.61019143117171
-11.530000000000074,57.409463466333165
-11.520000000000074,57.20820656548989
-11.510000000000074,57.00641512783479
-11.500000000000075,56.80408345800424
-11.490000000000075,56.60120576385219
-11.480000000000075,56.39777615415642
-11.470000000000075,56.1937886362548
-11.460000000000075,55.98923711360865
-11.450000000000076,55.78411538329067
-11.440000000000076,55.57841713339465
-11.430000000000076,55.372135940363265
-11.420000000000076,55.16526526623194
-11.410000000000077,54.95779845578449
-11.400000000000077,54.74972873361763
-11.390000000000077,54.5410492011106
-11.380000000000077,54.33175283329607
-11.370000000000077,54.12183247562859
-11.360000000000078,53.91128084064635
-11.350000000000078,53.70009050452147
-11.340000000000078,53.48825390349542
-11.330000000000078,53.275763330193215
-11.320000000000078,53.06261092981312
-11.310000000000079,52.84878869618506
-11.300000000000079,52.63428846769318
-11.290000000000079,52.41910192305659
-11.28000000000008,52.203220576962
-11.27000000000008,51.98663577554216
-11.26000000000008,51.769338691692894
-11.25000000000008,51.5513203202225
-11.24000000000008,51.332571472825194
-11.23000000000008,51.113082772871294
-11.22000000000008,50.89284465000597
-11.21000000000008,50.671847334547394
-11.200000000000081,50.45008085167577
-11.190000000000081,50.227535015403156
-11.180000000000081,50.00419942231401
-11.170000000000082,49.780063445066006
-11.160000000000082,49.55511622563929
-11.150000000000082,49.329346668322636
-11.140000000000082,49.10274343242385
-11.130000000000082,48.87529492469056
-11.120000000000083,48.64698929142803
-11.110000000000083,48.417814410298334
-11.100000000000083,48.18775788178553
-11.090000000000083,47.95680702030971
-11.080000000000084,47.724948844972445
-11.070000000000084,47.4921700699145
-11.060000000000084,47.258457094266056
-11.050000000000084,47.023795991668
-11.040000000000084,46.788172499341904
-11.030000000000085,46.551572006684424
-11.020000000000085,46.31397954336111
-11.010000000000085,46.075379766872004
-11.000000000000085,45.83575694956045
-10.990000000000085,45.59509496503429
-10.980000000000086,45.353377273966686
-10.970000000000086,45.11058690924147
-10.960000000000086,44.8667064604059
-10.950000000000086,44.62171805739084
-10.940000000000087,44.37560335345576
-10.930000000000087,44.12834350731314
-10.920000000000087,43.879919164383324
-10.910000000000087,43.63031043712784
-10.900000000000087,43.37949688440507
-10.890000000000088,43.12745748978845
-10.880000000000088,42.874170638782445
-10.870000000000088,42.619614094867664
-10.860000000000088,42.36376497430027
-10.850000000000088,42.10659971958583
-10.840000000000089,41.84809407154159
-10.830000000000089,41.58822303985415
-10.820000000000089,41.32696087203239
-10.81000000000009,41.064281020647705
-10.80000000000009,40.80015610874466
-10.79000000000009,40.5345578932953
-10.78000000000009,40.26745722656111
-10.77000000000009,39.99882401521359
-10.76000000000009,39.72862717705315
-10.75000000000009,39.456834595151214
-10.74000000000009,39.18341306922637
-10.730000000000091,38.908328264047164
-10.720000000000091,38.63154465463712
-10.710000000000091,38.3530254680363
-10.700000000000092,38.07273262135113
-10.690000000000092,37.790626655799805
-10.680000000000092,37.506666666432274
-10.670000000000092,37.220810227173224
-10.660000000000093,36.93301331080229
-10.650000000000093,36.643230203447445
-10.640000000000093,36.3514134131245
-10.630000000000093,36.0575135718092
-10.620000000000093,35.761479330473676
-10.610000000000094,35.463257246460095
-10.600000000000094,35.16279166249672
-10.590000000000094,34.86002457658633
-10.580000000000094,34.55489550191148
-10.570000000000094,34.24734131580435
-10.560000000000095,33.93729609672056
-10.550000000000095,33.624690948031436
-10.540000000000095,33.30945380731001
-10.530000000000095,32.99150923962318
-10.520000000000095,32.67077821316196
-10.510000000000096,32.347177855329605
-10.500000000000096,32.02062118716741
-10.490000000000096,31.69101683372075
-10.480000000000096,31.358268707627897
-10.470000000000097,31.02227566284319
-10.460000000000097,30.682931114977603
-10.450000000000097,30.340122624238397
-10.440000000000097,29.99373143636591
-10.430000000000097,29.64363197628116
-10.420000000000098,29.289691288353072
-10.410000000000098,28.931768416244736
-10.400000000000098,28.569713714174995
-10.390000000000098,28.203368080093394
-10.380000000000098,27.832562099673158
-10.370000000000099,27.457115088112527
-10.360000000000099,27.076834014432126
-10.3500000000001,26.691512290168887
-10.3400000000001,26.30092840097728
-10.3300000000001,25.90484435550525
-10.3200000000001,25.50300392081881
-10.3100000000001,25.095130607350306
-10.3000000000001,24.680925358510304
-10.2900000000001,24.260063890286222
-10.2800000000001,23.832193613774734
-10.2700000000001,23.396930057862704
-10.260000000000101,22.953852689128063
-10.250000000000101,22.502500000004623
-10.240000000000101,22.042363702334182
-10.230000000000102,21.57288181876898
-10.220000000000102,21.093430405080888
-10.210000000000102,20.60331355649245
-10.200000000000102,20.101751242246973
-10.190000000000103,19.587864362272533
-10.180000000000103,19.060656209127792
-10.170000000000103,18.518989218463076
-10.160000000000103,17.96155545652081
-10.150000000000103,17.38683865071976
-10.140000000000104,16.79306459884814
-10.130000000000104,16.178135290012996
-10.120000000000104,15.539539679650796
-10.110000000000104,14.874230134582012
-10.100000000000104,14.17844687876527
-10.090000000000105,13.447460898616832
-10.080000000000105,12.67518361421224
-10.070000000000105,11.853547759091938
-10.060000000000105,10.971470521531566
-10.050000000000106,10.012992197261015
-10.040000000000106,8.953611714251675
-10.030000000000106,7.752073990527104
-10.020000000000106,6.327916807839314
-10.010000000000106,4.473353849292745
-10.000000000000107,1.4600096601021242e-05
-9.990000000000107,4.471117781197762
-9.980000000000107,6.321592251694693
-9.970000000000107,7.74045503719308
-9.960000000000107,8.935723161463475
-9.950000000000108,9.987992177708339
-9.940000000000108,10.938607131090395
-9.930000000000108,11.81213513717893
-9.920000000000108,12.624587070439091
-9.910000000000108,13.387086910385825
-9.900000000000109,14.10773597965826
-9.890000000000109,14.792651642737935
-9.88000000000011,15.446587661039244
-9.87000000000011,16.073325385737295
-9.86000000000011,16.67593147766929
-9.85000000000011,17.256933926731122
-9.84000000000011,17.818445961049992
-9.83000000000011,18.362255547144645
-9.82000000000011,18.88989148643085
-9.81000000000011,19.402673180463278
-9.80000000000011,19.90174874212695
-9.790000000000111,20.388124624722263
-9.780000000000111,20.86268896837709
-9.770000000000111,21.32623021935175
-9.760000000000112,21.7794521421009
-9.750000000000112,22.222986043284035
-9.740000000000112,22.657400815716336
-9.730000000000112,23.08321125949728
-9.720000000000113,23.50088502835458
-9.710000000000113,23.910848469071578
-9.700000000000113,24.313491562281925
-9.690000000000113,24.709172128118237
-9.680000000000113,25.0982194261686
-9.670000000000114,25.4809372530849
-9.660000000000114,25.85760662096942
-9.650000000000114,26.228488083882503
-9.640000000000114,26.59382376738827
-9.630000000000114,26.953839146204402
-9.620000000000115,27.308744607154555
-9.610000000000115,27.65873682829784
-9.600000000000115,28.003999999996037
-9.590000000000115,28.34470690951729
-9.580000000000116,28.681019907370807
-9.570000000000116,29.013091770768007
-9.560000000000116,29.341066477290447
-9.550000000000116,29.665079899924045
-9.540000000000116,29.985260433015437
-9.530000000000117,30.30172955736383
-9.520000000000117,30.61460235153074
-9.510000000000117,30.923987955497275
-9.500000000000117,31.229989991988422
-9.490000000000117,31.532706950096582
-9.480000000000118,31.83223253524865
-9.470000000000118,32.12865598905842
-9.460000000000118,32.42206238217279
-9.450000000000118,32.71253288284915
-9.440000000000119,33.00014500367866
-9.430000000000119,33.28497282859071
-9.420000000000119,33.56708722203272
-9.41000000000012,33.84655602200666
-9.40000000000012,34.12344421846067
-9.39000000000012,34.39781411837123
-9.38000000000012,34.66972549871082
-9.37000000000012,34.93923574837039
-9.36000000000012,35.2063999999968
-9.35000000000012,35.47127125260748
-9.34000000000012,35.733900485759825
-9.33000000000012,35.99433676597528
-9.320000000000121,36.25262734605149
-9.310000000000121,36.508817757835324
-9.300000000000122,36.762951898975146
-9.290000000000122,37.01507211412391
-9.280000000000122,37.265219271021
-9.270000000000122,37.51343283184196
-9.260000000000122,37.759750920171484
-9.250000000000123,38.00421038392367
-9.240000000000123,38.24684685450502
-9.230000000000123,38.487694802491504
-9.220000000000123,38.72678759006713
-9.210000000000123,38.964157520451984
-9.200000000000124,39.199835884527936
-9.190000000000124,39.43385300485423
-9.180000000000124,39.66623827724932
-9.170000000000124,39.89702021010164
-9.160000000000124,40.12622646155911
-9.150000000000125,40.35388387473555
-9.140000000000125,40.58001851106234
-9.130000000000125,40.80465568190272
-9.120000000000125,41.027819978538886
-9.110000000000126,41.24953530063246
-9.100000000000126,41.469824883253
-9.090000000000126,41.68871132256118
-9.080000000000126,41.90621660022789
-9.070000000000126,42.122362106664355
-9.060000000000127,42.33716866313378
-9.050000000000127,42.550656542808866
-9.040000000000127,42.762845490836945
-9.030000000000127,42.97375474346865
-9.020000000000127,43.183403046303305
-9.010000000000128,43.39180867170058
-9.000000000000128,43.598989435404086
-8.990000000000128,43.80496271242062
-8.980000000000128,44.009745452194956
-8.970000000000129,44.21335419311848
-8.960000000000129,44.41580507640672
-8.950000000000129,44.617113859379295
-8.94000000000013,44.817295928173145
-8.93000000000013,45.016366309918894
-8.92000000000013,45.2143396844071
-8.91000000000013,45.411230395271005
-8.90000000000013,45.607052460709454
-8.89000000000013,45.801819583773394
-8.88000000000013,45.99554516223721
-8.87000000000013,46.1882422980752
-8.86000000000013,46.37992380656266
-8.850000000000131,46.57060222501897
-8.840000000000131,46.76028982121069
-8.830000000000132,46.94899860142962
-8.820000000000132,47.13674031826214
-8.810000000000132,47.323526478063165
-8.800000000000132,47.509368348149216
-8.790000000000132,47.694276963722686
-8.780000000000133,47.878263134539985
-8.770000000000133,48.06133745133473
-8.760000000000133,48.24351029200724
-8.750000000000133,48.4247918275903
-8.740000000000133,48.6051920280012
-8.730000000000134,48.78472066758938
-8.720000000000134,48.963387330488345
-8.710000000000134,49.14120141578035
-8.700000000000134,49.31817214248182
-8.690000000000135,49.49430855435694
-8.680000000000135,49.66961952456667
-8.670000000000135,49.844113760160155
-8.660000000000135,50.0177998064147
-8.650000000000135,50.190686051030866
-8.640000000000136,50.36278072818828
-8.630000000000136,50.53409192246796
-8.620000000000136,50.704627572646366
-8.610000000000136,50.8743954753664
-8.600000000000136,51.04340328868999
-8.590000000000137,51.21165853553728
-8.580000000000137,51.379168607016254
-8.570000000000137,51.5459407656477
-8.560000000000137,51.711982148488964
-8.550000000000137,51.87729977016054
-8.540000000000138,52.0419005257794
-8.530000000000138,52.205791193802085
-8.520000000000138,52.36897843878142
-8.510000000000138,52.53146881403968
-8.500000000000139,52.69326876426146
-8.490000000000139,52.854384628009136
-8.480000000000139,53.0148226401638
-8.47000000000014,53.1745889342941
-8.46000000000014,53.33368954495599
-8.45000000000014,53.492130409925444
-8.44000000000014,53.64991737236678
-8.43000000000014,53.80705618293856
-8.42000000000014,53.963552501839814
-8.41000000000014,54.11941190079775
-8.40000000000014,54.27463986499997
-8.390000000000141,54.429241794972334
-8.380000000000141,54.58322300840466
-8.370000000000141,54.736588741926084
-8.360000000000142,54.88934415283149
-8.350000000000142,55.04149432076083
-8.340000000000142,55.193044249333084
-8.330000000000142,55.34399886773584
-8.320000000000142,55.494363032272446
-8.310000000000143,55.644141527868
-8.300000000000143,55.793339069535236
-8.290000000000143,55.941960303801956
-8.280000000000143,56.090009810101016
-8.270000000000143,56.23749210212432
-8.260000000000144,56.38441162914141
-8.250000000000144,56.53077277728447
-8.240000000000144,56.67657987080039
-8.230000000000144,56.82183717327077
-8.220000000000145,56.96654888880144
-8.210000000000145,57.11071916318165
-8.200000000000145,57.25435208501465
-8.190000000000145,57.3974516868199
-8.180000000000145,57.54002194610809
-8.170000000000146,57.68206678642978
-8.160000000000146,57.82359007839835
-8.150000000000146,57.964595640687996
-8.140000000000146,58.1050872410078
-8.130000000000146,58.24506859705199
-8.120000000000147,58.38454337742783
-8.110000000000147,58.52351520256124
-8.100000000000147,58.66198764558096
-8.090000000000147,58.79996423318189
-8.080000000000148,58.93744844646828
-8.070000000000148,59.07444372177721
-8.060000000000148,59.210953451482936
-8.050000000000148,59.346980984782775
-8.040000000000148,59.48252962846483
-8.030000000000149,59.617602647658344
-8.020000000000149,59.75220326656682
-8.010000000000149,59.88633466918471
-8.00000000000015,60.01999999999801
-7.990000000000149,60.15320236466901
-7.98000000000015,60.285944830705944
-7.97000000000015,60.41823042811783
-7.96000000000015,60.55006215005466
-7.95000000000015,60.681442953433894
-7.9400000000001505,60.81237575955287
-7.930000000000151,60.94286345468833
-7.920000000000151,61.07290889068257
-7.910000000000151,61.202514885517374
-7.900000000000151,61.33168422387537
-7.890000000000152,61.46041965768957
-7.880000000000152,61.588723906681196
-7.870000000000152,61.71659965888617
-7.860000000000152,61.84404957117061
-7.850000000000152,61.971076269735384
-7.840000000000153,62.09768235061037
-7.830000000000153,62.22387038013834
-7.820000000000153,62.3496428954489
-7.810000000000153,62.475002404922684
-7.8000000000001535,62.59995138864615
-7.790000000000154,62.724492298856994
-7.780000000000154,62.84862756038068
-7.770000000000154,62.972359571058085
-7.760000000000154,63.095690702164575
-7.7500000000001545,63.218623298820795
-7.740000000000155,63.34115968039512
-7.730000000000155,63.463302140898385
-7.720000000000155,63.58505294937051
-7.710000000000155,63.70641435025992
-7.700000000000156,63.827388563795196
-7.690000000000156,63.94797778634982
-7.680000000000156,64.06818419079951
-7.670000000000156,64.18800992687304
-7.6600000000001565,64.30745712149599
-7.650000000000157,64.42652787912817
-7.640000000000157,64.54522428209445
-7.630000000000157,64.66354839090947
-7.620000000000157,64.78150224459604
-7.6100000000001575,64.89908786099782
-7.600000000000158,65.01630723708584
-7.590000000000158,65.13316234925949
-7.580000000000158,65.24965515364197
-7.570000000000158,65.36578758637012
-7.560000000000159,65.48156156387901
-7.550000000000159,65.59697898318136
-7.540000000000159,65.71204172214168
-7.530000000000159,65.82675163974571
-7.5200000000001594,65.94111057636464
-7.51000000000016,66.05512035401487
-7.50000000000016,66.16878277661294
-7.49000000000016,66.28209963022594
-7.48000000000016,66.39507268331738
-7.4700000000001605,66.50770368698893
-7.460000000000161,66.61999437521759
-7.450000000000161,66.73194646508881
-7.440000000000161,66.84356165702572
-7.430000000000161,66.95484163501396
-7.420000000000162,67.06578806682292
-7.410000000000162,67.17640260422299
-7.400000000000162,67.28668688319917
-7.390000000000162,67.3966425241608
-7.380000000000162,67.50627113214804
-7.370000000000163,67.61557429703443
-7.360000000000163,67.72455359372633
-7.350000000000163,67.83321058235875
-7.340000000000163,67.94154680848804
-7.3300000000001635,68.04956380328133
-7.320000000000164,68.15726308370257
-7.310000000000164,68.26464615269587
-7.300000000000164,68.37171449936535
-7.290000000000164,68.47846959915238
-7.280000000000165,68.58491291400959
-7.270000000000165,68.69104589257246
-7.260000000000165,68.79686997032739
-7.250000000000165,68.90238656977782
-7.240000000000165,69.00759710060706
-7.230000000000166,69.11250295983886
-7.220000000000166,69.21710553199505
-7.210000000000166,69.32140618925095
-7.200000000000166,69.42540629158815
-7.1900000000001665,69.52910718694484
-7.180000000000167,69.63251021136378
-7.170000000000167,69.73561668913788
-7.160000000000167,69.83842793295359
-7.150000000000167,69.94094524403191
-7.1400000000001675,70.04316991226726
-7.130000000000168,70.14510321636415
-7.120000000000168,70.2467464239717
-7.110000000000168,70.34810079181618
-7.100000000000168,70.44916756583132
-7.090000000000169,70.54994798128678
-7.080000000000169,70.6504432629146
-7.070000000000169,70.75065462503359
-7.060000000000169,70.85058327167205
-7.0500000000001695,70.9502303966884
-7.04000000000017,71.04959718389013
-7.03000000000017,71.14868480715091
-7.02000000000017,71.2474944305259
-7.01000000000017,71.34602720836543
-7.0000000000001705,71.44428428542683
-6.990000000000171,71.5422667969847
-6.980000000000171,71.63997586893957
-6.970000000000171,71.73741261792487
-6.960000000000171,71.83457815141233
-6.950000000000172,71.93147356781591
-6.940000000000172,72.02809995659405
-6.930000000000172,72.12445839835068
-6.920000000000172,72.2205499649345
-6.9100000000001724,72.31637571953692
-6.900000000000173,72.41193671678865
-6.890000000000173,72.50723400285476
-6.880000000000173,72.60226861552862
-6.870000000000173,72.69704158432405
-6.8600000000001735,72.7915539305667
-6.850000000000174,72.8858066674837
-6.840000000000174,72.97980080029227
-6.830000000000174,73.07353732628692
-6.820000000000174,73.16701723492562
-6.810000000000175,73.26024150791454
-6.800000000000175,73.35321111929183
-6.790000000000175,73.44592703550988
-6.780000000000175,73.53839021551697
-6.770000000000175,73.63060161083719
-6.760000000000176,73.72256216564978
-6.750000000000176,73.81427281686692
-6.740000000000176,73.90573449421083
-6.730000000000176,73.99694812028957
-6.7200000000001765,74.08791461067197
-6.710000000000177,74.17863487396131
-6.700000000000177,74.26910981186826
-6.690000000000177,74.3593403192827
-6.680000000000177,74.44932728434449
-6.670000000000178,74.53907158851362
-6.660000000000178,74.62857410663885
-6.650000000000178,74.71783570702603
-6.640000000000178,74.80685725150511
-6.630000000000178,74.89563959549648
-6.620000000000179,74.9841835880762
-6.610000000000179,75.0724900720407
-6.600000000000179,75.16055988397021
-6.590000000000179,75.24839385429183
-6.5800000000001795,75.33599280734134
-6.57000000000018,75.42335756142441
-6.56000000000018,75.5104889288771
-6.55000000000018,75.59738771612533
-6.54000000000018,75.68405472374381
-6.5300000000001805,75.77049074651406
-6.520000000000181,75.85669657348176
-6.510000000000181,75.9426729880133
-6.500000000000181,76.02842076785177
-6.490000000000181,76.11394068517188
-6.480000000000182,76.19923350663464
-6.470000000000182,76.28429999344098
-6.460000000000182,76.36914090138491
-6.450000000000182,76.45375698090584
-6.4400000000001825,76.5381489771404
-6.430000000000183,76.62231762997348
-6.420000000000183,76.70626367408876
-6.410000000000183,76.78998783901848
-6.400000000000183,76.87349084919266
-6.3900000000001835,76.95677342398768
-6.380000000000184,77.03983627777434
-6.370000000000184,77.1226801199652
-6.360000000000184,77.20530565506138
-6.350000000000184,77.28771358269893
-6.340000000000185,77.36990459769427
-6.330000000000185,77.45187939008969
-6.320000000000185,77.53363864519744
-6.310000000000185,77.61518304364417
-6.3000000000001855,77.69651326141418
-6.290000000000186,77.77762996989257
-6.280000000000186,77.85853383590752
-6.270000000000186,77.93922552177236
-6.260000000000186,78.01970568532688
-6.2500000000001865,78.09997497997847
-6.240000000000187,78.1800340547424
-6.230000000000187,78.25988355428188
-6.220000000000187,78.33952411894752
-6.210000000000187,78.4189563848164
-6.200000000000188,78.49818098373063
-6.190000000000188,78.57719854333553
-6.180000000000188,78.65600968711713
-6.170000000000188,78.73461503443961
-6.160000000000188,78.81301520058202
-6.150000000000189,78.89121079677456
-6.140000000000189,78.96920243023467
-6.130000000000189,79.04699070420249
-6.120000000000189,79.12457621797593
-6.1100000000001895,79.20195956694555
-6.10000000000019,79.27914134262866
-6.09000000000019,79.35612213270346
-6.08000000000019,79.43290252104237
-6.07000000000019,79.50948308774535
-6.060000000000191,79.58586440917263
-6.050000000000191,79.66204705797705
-6.040000000000191,79.73803160313612
-6.030000000000191,79.81381860998383
-6.020000000000191,79.88940864024174
-6.010000000000192,79.96480225205015
-6.000000000000192,80.03999999999856
-5.990000000000192,80.11500243515611
-5.980000000000192,80.18981010510139
-5.9700000000001925,80.26442355395208
-5.960000000000193,80.3388433223943
-5.950000000000193,80.41306994771143
-5.940000000000193,80.48710396381293
-5.930000000000193,80.56094590126243
-5.9200000000001936,80.63459628730595
-5.910000000000194,80.70805564589948
-5.900000000000194,80.78132449773638
-5.890000000000194,80.8544033602746
-5.880000000000194,80.92729274776333
-5.870000000000195,80.99999317126957
-5.860000000000195,81.07250513870443
-5.850000000000195,81.14482915484895
-5.840000000000195,81.21696572137986
-5.8300000000001955,81.28891533689492
-5.820000000000196,81.36067849693804
-5.810000000000196,81.43225569402416
-5.800000000000196,81.50364741766381
-5.790000000000196,81.57485415438738
-5.7800000000001965,81.64587638776926
-5.770000000000197,81.71671459845166
-5.760000000000197,81.787369264168
-5.750000000000197,81.85784085976648
-5.740000000000197,81.92812985723285
-5.730000000000198,81.9982367257135
-5.720000000000198,82.06816193153782
-5.710000000000198,82.13790593824069
-5.700000000000198,82.2074692065845
-5.6900000000001985,82.27685219458111
-5.680000000000199,82.3460553575134
-5.670000000000199,82.41507914795683
-5.660000000000199,82.48392401580047
-5.650000000000199,82.55259040826819
-5.6400000000001995,82.62107876993929
-5.6300000000002,82.6893895427691
-5.6200000000002,82.75752316610937
-5.6100000000002,82.82548007672827
-5.6000000000002,82.89326070883055
-5.590000000000201,82.96086549407711
-5.580000000000201,83.02829486160451
-5.570000000000201,83.09554923804443
-5.560000000000201,83.16262904754274
-5.550000000000201,83.2295347117784
-5.540000000000202,83.2962666499823
-5.530000000000202,83.36282527895581
-5.520000000000202,83.4292110130891
-5.510000000000202,83.49542426437941
-5.5000000000002025,83.56146544244899
-5.490000000000203,83.62733495456304
-5.480000000000203,83.69303320564721
-5.470000000000203,83.75856059830531
-5.460000000000203,83.8239175328364
-5.450000000000204,83.88910440725208
-5.440000000000204,83.9541216172933
-5.430000000000204,84.01896955644742
-5.420000000000204,84.08364861596458
-5.410000000000204,84.14815918487433
-5.400000000000205,84.21250165000194
-5.390000000000205,84.27667639598448
-5.380000000000205,84.34068380528693
-5.370000000000205,84.40452425821788
-5.3600000000002055,84.46819813294537
-5.350000000000206,84.53170580551236
-5.340000000000206,84.59504764985209
-5.330000000000206,84.6582240378034
-5.320000000000206,84.72123533912571
-5.3100000000002066,84.78408192151412
-5.300000000000207,84.84676415061413
-5.290000000000207,84.90928239003625
-5.280000000000207,84.97163700137071
-5.270000000000207,85.03382834420158
-5.260000000000208,85.09585677612135
-5.250000000000208,85.15772265274472
-5.240000000000208,85.21942632772284
-5.230000000000208,85.28096815275701
-5.2200000000002085,85.34234847761246
-5.210000000000209,85.40356765013195
-5.200000000000209,85.46462601624923
-5.190000000000209,85.5255239200023
-5.180000000000209,85.58626170354681
-5.1700000000002095,85.64683970716898
-5.16000000000021,85.7072582692986
-5.15000000000021,85.76751772652196
-5.14000000000021,85.8276184135945
-5.13000000000021,85.8875606634535
-5.120000000000211,85.9473448072305
-5.110000000000211,86.00697117426371
-5.100000000000211,86.06644009211028
-5.090000000000211,86.12575188655856
-5.0800000000002115,86.18490688163989
-5.070000000000212,86.2439053996408
-5.060000000000212,86.30274776111466
-5.050000000000212,86.36143428489356
-5.040000000000212,86.41996528809975
-5.0300000000002125,86.47834108615723
-5.020000000000213,86.53656199280319
-5.010000000000213,86.59462832009923
-5.000000000000213,86.65254037844264
-4.990000000000213,86.71029847657739
-4.980000000000214,86.76790292160527
-4.970000000000214,86.82535401899665
-4.960000000000214,86.88265207260139
-4.950000000000214,86.93979738465944
-4.940000000000214,86.9967902558116
-4.930000000000215,87.05363098510985
-4.920000000000215,87.11031987002794
-4.910000000000215,87.16685720647158
-4.900000000000215,87.22324328878884
-4.8900000000002155,87.27947840978007
-4.880000000000216,87.33556286070827
-4.870000000000216,87.39149693130872
-4.860000000000216,87.44728090979912
-4.850000000000216,87.50291508288926
-4.840000000000217,87.55839973579076
-4.830000000000217,87.61373515222674
-4.820000000000217,87.66892161444127
-4.810000000000217,87.72395940320891
-4.800000000000217,87.77884879784403
-4.790000000000218,87.83359007621021
-4.780000000000218,87.88818351472926
-4.770000000000218,87.94262938839057
-4.760000000000218,87.99692797076001
-4.7500000000002185,88.05107953398903
-4.740000000000219,88.10508434882341
-4.730000000000219,88.15894268461227
-4.720000000000219,88.21265480931666
-4.710000000000219,88.26622098951832
-4.70000000000022,88.31964149042827
-4.69000000000022,88.37291657589532
-4.68000000000022,88.42604650841453
-4.67000000000022,88.47903154913558
-4.66000000000022,88.53187195787116
-4.650000000000221,88.58456799310508
-4.640000000000221,88.63711991200053
-4.630000000000221,88.6895279704082
-4.620000000000221,88.74179242287423
-4.6100000000002215,88.79391352264827
-4.600000000000222,88.8458915216913
-4.590000000000222,88.89772667068357
-4.580000000000222,88.94941921903222
-4.570000000000222,89.00096941487914
-4.5600000000002225,89.0523775051085
-4.550000000000223,89.10364373535434
-4.540000000000223,89.15476835000817
-4.530000000000223,89.2057515922263
-4.520000000000223,89.25659370393736
-4.510000000000224,89.30729492584948
-4.500000000000224,89.35785549745762
-4.490000000000224,89.40827565705092
-4.480000000000224,89.45855564171961
-4.4700000000002245,89.50869568736225
-4.460000000000225,89.5586960286927
-4.450000000000225,89.60855689924716
-4.440000000000225,89.658278531391
-4.430000000000225,89.70786115632573
-4.4200000000002255,89.75730500409566
-4.410000000000226,89.80661030359481
-4.400000000000226,89.85577728257348
-4.390000000000226,89.90480616764495
-4.380000000000226,89.95369718429208
-4.370000000000227,90.00245055687375
-4.360000000000227,90.05106650863151
-4.350000000000227,90.09954526169582
-4.340000000000227,90.14788703709256
-4.3300000000002274,90.19609205474929
-4.320000000000228,90.2441605335016
-4.310000000000228,90.29209269109921
-4.300000000000228,90.33988874421223
-4.290000000000228,90.38754890843731
-4.2800000000002285,90.43507339830366
-4.270000000000229,90.48246242727907
-4.260000000000229,90.52971620777598
-4.250000000000229,90.5768349511573
-4.240000000000229,90.62381886774232
-4.23000000000023,90.67066816681266
-4.22000000000023,90.71738305661793
-4.21000000000023,90.76396374438154
-4.20000000000023,90.81041043630634
-4.19000000000023,90.85672333758043
-4.180000000000231,90.90290265238258
-4.170000000000231,90.94894858388793
-4.160000000000231,90.99486133427342
-4.150000000000231,91.04064110472343
-4.1400000000002315,91.08628809543505
-4.130000000000232,91.13180250562351
-4.120000000000232,91.17718453352764
-4.110000000000232,91.22243437641505
-4.100000000000232,91.26755223058751
-4.090000000000233,91.31253829138609
-4.080000000000233,91.35739275319644
-4.070000000000233,91.40211580945385
-4.060000000000233,91.4467076526484
-4.050000000000233,91.49116847433011
-4.040000000000234,91.53549846511382
-4.030000000000234,91.57969781468424
-4.020000000000234,91.62376671180105
-4.010000000000234,91.66770534430356
-4.0000000000002345,91.71151389911579
-3.9900000000002347,91.75519256225118
-3.980000000000235,91.79874151881755
-3.970000000000235,91.84216095302172
-3.9600000000002353,91.88545104817428
-3.9500000000002355,91.92861198669435
-3.9400000000002358,91.97164395011414
-3.930000000000236,92.01454711908369
-3.920000000000236,92.05732167337533
-3.9100000000002364,92.09996779188833
-3.9000000000002366,92.14248565265339
-3.890000000000237,92.18487543283719
-3.880000000000237,92.22713730874663
-3.8700000000002373,92.26927145583356
-3.8600000000002375,92.31127804869888
-3.8500000000002377,92.3531572610971
-3.840000000000238,92.39490926594053
-3.830000000000238,92.4365342353036
-3.8200000000002383,92.47803234042718
-3.8100000000002385,92.51940375172269
-3.8000000000002387,92.56064863877644
-3.790000000000239,92.6017671703536
-3.780000000000239,92.64275951440247
-3.7700000000002394,92.68362583805857
-3.7600000000002396,92.72436630764868
-3.75000000000024,92.76498108869482
-3.74000000000024,92.80547034591835
-3.7300000000002402,92.84583424324391
-3.7200000000002404,92.88607294380337
-3.7100000000002407,92.92618660993978
-3.700000000000241,92.96617540321118
-3.690000000000241,93.00603948439452
-3.6800000000002413,93.04577901348951
-3.6700000000002415,93.08539414972242
-3.6600000000002417,93.12488505154978
-3.650000000000242,93.1642518766622
-3.640000000000242,93.20349478198814
-3.6300000000002424,93.24261392369748
-3.6200000000002426,93.28160945720525
-3.610000000000243,93.3204815371753
-3.600000000000243,93.35923031752387
-3.590000000000243,93.3978559514232
-3.5800000000002434,93.43635859130507
-3.5700000000002436,93.47473838886437
-3.560000000000244,93.51299549506255
-3.550000000000244,93.5511300601312
-3.5400000000002443,93.58914223357539
-3.5300000000002445,93.6270321641772
-3.5200000000002447,93.66479999999908
-3.510000000000245,93.70244588838725
-3.500000000000245,93.73996997597506
-3.4900000000002454,93.7773724086863
-3.4800000000002456,93.81465333173858
-3.4700000000002458,93.8518128896465
-3.460000000000246,93.88885122622504
-3.450000000000246,93.92576848459272
-3.4400000000002464,93.96256480717484
-3.4300000000002466,93.99924033570666
-3.420000000000247,94.0357952112366
-3.410000000000247,94.07222957412938
-3.4000000000002473,94.1085435640691
-3.3900000000002475,94.14473732006236
-3.3800000000002477,94.18081098044145
-3.370000000000248,94.21676468286725
-3.360000000000248,94.25259856433232
-3.3500000000002483,94.28831276116392
-3.3400000000002485,94.32390740902709
-3.3300000000002488,94.35938264292746
-3.320000000000249,94.39473859721433
-3.310000000000249,94.42997540558349
-3.3000000000002494,94.46509320108025
-3.2900000000002496,94.50009211610227
-3.28000000000025,94.5349722824024
-3.27000000000025,94.56973383109155
-3.2600000000002503,94.60437689264151
-3.2500000000002505,94.63890159688782
-3.2400000000002507,94.67330807303244
-3.230000000000251,94.70759644964663
-3.220000000000251,94.7417668546736
-3.2100000000002513,94.77581941543134
-3.2000000000002515,94.80975425861524
-3.1900000000002517,94.8435715103008
-3.180000000000252,94.87727129594636
-3.170000000000252,94.91085374039565
-3.1600000000002524,94.94431896788056
-3.1500000000002526,94.97766710202362
-3.140000000000253,95.01089826584061
-3.130000000000253,95.04401258174326
-3.1200000000002532,95.0770101715417
-3.1100000000002535,95.10989115644703
-3.1000000000002537,95.14265565707382
-3.090000000000254,95.17530379344262
-3.080000000000254,95.2078356849826
-3.0700000000002543,95.24025145053372
-3.0600000000002545,95.27255120834943
-3.0500000000002547,95.30473507609902
-3.040000000000255,95.33680317087011
-3.030000000000255,95.36875560917089
-3.0200000000002554,95.40059250693265
-3.0100000000002556,95.43231397951212
-3.000000000000256,95.46392014169375
-2.990000000000256,95.4954111076922
-2.980000000000256,95.5267869911545
-2.9700000000002564,95.55804790516241
-2.9600000000002566,95.5891939622347
-2.950000000000257,95.62022527432953
-2.940000000000257,95.6511419528465
-2.9300000000002573,95.68194410862904
-2.9200000000002575,95.71263185196658
-2.9100000000002577,95.74320529259683
-2.900000000000258,95.77366453970782
-2.890000000000258,95.80400970194027
-2.8800000000002584,95.83424088738958
-2.8700000000002586,95.8643582036081
-2.860000000000259,95.89436175760719
-2.850000000000259,95.92425165585938
-2.840000000000259,95.95402800430041
-2.8300000000002594,95.98369090833143
-2.8200000000002596,96.01324047282098
-2.81000000000026,96.04267680210708
-2.80000000000026,96.07199999999925
-2.7900000000002603,96.10121016978057
-2.7800000000002605,96.13030741420974
-2.7700000000002607,96.15929183552296
-2.760000000000261,96.18816353543605
-2.750000000000261,96.2169226151463
-2.7400000000002613,96.24556917533458
-2.7300000000002616,96.27410331616716
-2.7200000000002618,96.30252513729766
-2.710000000000262,96.33083473786905
-2.700000000000262,96.35903221651547
-2.6900000000002624,96.38711767136421
-2.6800000000002626,96.41509120003748
-2.670000000000263,96.44295289965436
-2.660000000000263,96.47070286683262
-2.6500000000002633,96.49834119769065
-2.6400000000002635,96.52586798784911
-2.6300000000002637,96.55328333243288
-2.620000000000264,96.58058732607287
-2.610000000000264,96.60778006290776
-2.6000000000002643,96.63486163658577
-2.5900000000002645,96.66183214026645
-2.5800000000002647,96.68869166662246
-2.570000000000265,96.71544030784128
-2.560000000000265,96.74207815562688
-2.5500000000002654,96.7686053012016
-2.5400000000002656,96.7950218353077
-2.530000000000266,96.82132784820908
-2.520000000000266,96.84752342969306
-2.5100000000002662,96.87360866907196
-2.5000000000002665,96.89958365518474
-2.4900000000002667,96.92544847639871
-2.480000000000267,96.95120322061118
-2.470000000000267,96.97684797525098
-2.4600000000002673,97.0023828272802
-2.4500000000002675,97.02780786319565
-2.4400000000002677,97.0531231690306
-2.430000000000268,97.0783288303563
-2.420000000000268,97.10342493228345
-2.4100000000002684,97.12841155946388
-2.4000000000002686,97.1532887960921
-2.390000000000269,97.17805672590677
-2.380000000000269,97.20271543219222
-2.3700000000002692,97.22726499778
-2.3600000000002694,97.25170550505037
-2.3500000000002697,97.27603703593383
-2.34000000000027,97.30025967191254
-2.33000000000027,97.32437349402183
-2.3200000000002703,97.3483785828516
-2.3100000000002705,97.3722750185479
-2.3000000000002707,97.39606288081423
-2.290000000000271,97.41974224891307
-2.280000000000271,97.44331320166722
-2.2700000000002714,97.46677581746127
-2.2600000000002716,97.49013017424302
-2.250000000000272,97.51337634952475
-2.240000000000272,97.53651442038475
-2.230000000000272,97.55954446346857
-2.2200000000002724,97.58246655499048
-2.2100000000002726,97.60528077073474
-2.200000000000273,97.62798718605698
-2.190000000000273,97.65058587588553
-2.1800000000002733,97.67307691472273
-2.1700000000002735,97.69546037664628
-2.1600000000002737,97.71773633531048
-2.150000000000274,97.73990486394757
-2.140000000000274,97.761966035369
-2.1300000000002743,97.78391992196673
-2.1200000000002746,97.80576659571443
-2.1100000000002748,97.82750612816882
-2.100000000000275,97.84913859047089
-2.090000000000275,97.87066405334707
-2.0800000000002754,97.89208258711061
-2.0700000000002756,97.91339426166262
-2.060000000000276,97.93459914649341
-2.050000000000276,97.95569731068369
-2.0400000000002763,97.9766888229057
-2.0300000000002765,97.9975737514244
-2.0200000000002767,98.01835216409873
-2.010000000000277,98.03902412838269
-2.000000000000277,98.05958971132655
-1.9900000000002773,98.080048979578
-1.9800000000002775,98.10040199938321
-1.9700000000002778,98.12064883658813
-1.960000000000278,98.14078955663949
-1.9500000000002782,98.16082422458591
-1.9400000000002784,98.18075290507906
-1.9300000000002786,98.2005756623748
-1.9200000000002788,98.2202925603342
-1.910000000000279,98.23990366242464
-1.9000000000002792,98.25940903172089
-1.8900000000002795,98.2788087309062
-1.8800000000002797,98.29810282227338
-1.8700000000002799,98.31729136772579
-1.86000000000028,98.3363744287784
-1.8500000000002803,98.35535206655885
-1.8400000000002805,98.37422434180856
-1.8300000000002807,98.39299131488355
-1.820000000000281,98.41165304575563
-1.8100000000002812,98.43020959401333
-1.8000000000002814,98.44866101886298
-1.7900000000002816,98.46700737912954
-1.7800000000002818,98.48524873325775
-1.770000000000282,98.50338513931301
-1.7600000000002822,98.52141665498239
-1.7500000000002824,98.53934333757557
-1.7400000000002827,98.55716524402584
-1.7300000000002829,98.57488243089094
-1.720000000000283,98.59249495435411
-1.7100000000002833,98.610002870225
-1.7000000000002835,98.62740623394056
-1.6900000000002837,98.64470510056593
-1.680000000000284,98.66189952479543
-1.6700000000002841,98.67898956095344
-1.6600000000002844,98.69597526299526
-1.6500000000002846,98.71285668450803
-1.6400000000002848,98.72963387871155
-1.630000000000285,98.74630689845928
-1.6200000000002852,98.76287579623913
-1.6100000000002854,98.77934062417427
-1.6000000000002856,98.79570143402407
-1.5900000000002859,98.8119582771849
-1.580000000000286,98.82811120469103
-1.5700000000002863,98.84416026721539
-1.5600000000002865,98.86010551507042
-1.5500000000002867,98.87594699820886
-1.540000000000287,98.89168476622469
-1.5300000000002871,98.90731886835377
-1.5200000000002873,98.92284935347476
-1.5100000000002876,98.93827627010982
-1.5000000000002878,98.9535996664255
-1.490000000000288,98.96881959023342
-1.4800000000002882,98.98393608899111
-1.4700000000002884,98.99894920980277
-1.4600000000002886,99.01385899941995
-1.4500000000002888,99.02866550424247
-1.440000000000289,99.04336877031898
-1.4300000000002893,99.05796884334782
-1.4200000000002895,99.07246576867773
-1.4100000000002897,99.0868595913086
-1.40000000000029,99.10115035589209
-1.3900000000002901,99.1153381067325
-1.3800000000002903,99.12942288778731
-1.3700000000002905,99.14340474266811
-1.3600000000002908,99.15728371464101
-1.350000000000291,99.17105984662757
-1.3400000000002912,99.18473318120539
-1.3300000000002914,99.19830376060878
-1.3200000000002916,99.21177162672947
-1.3100000000002918,99.22513682111723
-1.300000000000292,99.23839938498057
-1.2900000000002922,99.25155935918737
-1.2800000000002925,99.26461678426558
-1.2700000000002927,99.2775717004038
-1.2600000000002929,99.29042414745192
-1.250000000000293,99.30317416492177
-1.2400000000002933,99.31582179198782
-1.2300000000002935,99.32836706748763
-1.2200000000002937,99.34081002992266
-1.210000000000294,99.35315071745866
-1.2000000000002942,99.3653891679265
-1.1900000000002944,99.37752541882257
-1.1800000000002946,99.38955950730951
-1.1700000000002948,99.40149147021674
-1.160000000000295,99.413321344041
-1.1500000000002952,99.425049164947
-1.1400000000002954,99.43667496876793
-1.1300000000002957,99.44819879100605
-1.1200000000002959,99.45962066683325
-1.110000000000296,99.47094063109155
-1.1000000000002963,99.48215871829376
-1.0900000000002965,99.49327496262386
-1.0800000000002967,99.50428939793764
-1.070000000000297,99.51520205776328
-1.0600000000002971,99.52601297530168
-1.0500000000002974,99.53672218342722
-1.0400000000002976,99.54732971468802
-1.0300000000002978,99.5578356013067
-1.020000000000298,99.5682398751807
-1.0100000000002982,99.57854256788279
-1.0000000000002984,99.5887437106617
-0.9900000000002986,99.59884333444242
-0.9800000000002989,99.60884146982684
-0.9700000000002991,99.61873814709413
-0.9600000000002993,99.62853339620119
-0.9500000000002995,99.63822724678319
-0.9400000000002997,99.64781972815403
-0.9300000000002999,99.6573108693067
-0.9200000000003001,99.66670069891381
-0.9100000000003003,99.67598924532801
-0.9000000000003006,99.68517653658242
-0.8900000000003008,99.69426260039108
-0.880000000000301,99.70324746414937
-0.8700000000003012,99.7121311549344
-0.8600000000003014,99.72091369950546
-0.8500000000003016,99.72959512430448
-0.8400000000003018,99.73817545545631
-0.830000000000302,99.74665471876925
-0.8200000000003023,99.75503293973534
-0.8100000000003025,99.76331014353087
-0.8000000000003027,99.77148635501665
-0.7900000000003029,99.77956159873845
-0.7800000000003031,99.78753589892735
-0.7700000000003033,99.79540927950018
-0.7600000000003035,99.80318176405976
-0.7500000000003038,99.81085337589543
-0.740000000000304,99.8184241379832
-0.7300000000003042,99.82589407298633
-0.7200000000003044,99.83326320325546
-0.7100000000003046,99.8405315508291
-0.7000000000003048,99.84769913743392
-0.690000000000305,99.85476598448501
-0.6800000000003052,99.86173211308642
-0.6700000000003055,99.8685975440312
-0.6600000000003057,99.8753622978019
-0.6500000000003059,99.88202639457083
-0.6400000000003061,99.88858985420039
-0.6300000000003063,99.89505269624335
-0.6200000000003065,99.90141493994315
-0.6100000000003067,99.90767660423415
-0.600000000000307,99.91383770774205
-0.5900000000003072,99.91989826878402
-0.5800000000003074,99.92585830536906
-0.5700000000003076,99.93171783519826
-0.5600000000003078,99.93747687566507
-0.550000000000308,99.94313544385554
-0.5400000000003082,99.94869355654863
-0.5300000000003084,99.9541512302164
-0.5200000000003087,99.95950848102429
-0.5100000000003089,99.96476532483143
-0.5000000000003091,99.96992177719073
-0.4900000000003093,99.97497785334927
-0.4800000000003095,99.9799335682484
-0.4700000000003097,99.9847889365241
-0.46000000000030994,99.98954397250708
-0.45000000000031015,99.99419869022304
-0.44000000000031037,99.99875310339294
-0.4300000000003106,100.00320722543313
-0.4200000000003108,100.00756106945555
-0.410000000000311,100.01181464826799
-0.4000000000003112,100.01596797437425
-0.39000000000031143,100.02002105997428
-0.38000000000031164,100.02397391696454
-0.37000000000031186,100.02782655693787
-0.36000000000031207,100.03157899118398
-0.3500000000003123,100.03523123068942
-0.3400000000003125,100.03878328613789
-0.3300000000003127,100.04223516791022
-0.3200000000003129,100.04558688608472
-0.31000000000031314,100.04883845043716
-0.30000000000031335,100.05198987044109
-0.29000000000031356,100.0550411552678
-0.2800000000003138,100.05799231378661
-0.270000000000314,100.06084335456492
-0.2600000000003142,100.06359428586838
-0.2500000000003144,100.06624511566095
-0.24000000000031463,100.0687958516051
-0.23000000000031484,100.07124650106189
-0.22000000000031505,100.07359707109109
-0.21000000000031527,100.07584756845124
-0.20000000000031548,100.07799799959983
-0.1900000000003157,100.08004837069335
-0.1800000000003159,100.08199868758732
-0.17000000000031612,100.08384895583654
-0.16000000000031633,100.08559918069507
-0.15000000000031655,100.08724936711624
-0.14000000000031676,100.08879951975288
-0.13000000000031697,100.09024964295729
-0.12000000000031719,100.09159974078129
-0.1100000000003174,100.0928498169764
-0.10000000000031761,100.09399987499373
-0.09000000000031783,100.09504991798414
-0.08000000000031804,100.09599994879832
-0.07000000000031825,100.09684996998675
-0.060000000000318465,100.09759998379968
-0.05000000000031868,100.09824999218738
-0.04000000000031889,100.09879999679995
-0.030000000000319105,100.09924999898749
-0.020000000000319318,100.0995999998
-0.010000000000319531,100.0998499999875
-3.197442310920451e-13,100.1
0.009999999999680043,100.1000499999875
0.01999999999967983,100.0999999998
0.029999999999679616,100.0998499989875
0.0399999999996794,100.09959999679998
0.04999999999967919,100.09924999218741
0.05999999999967898,100.09879998379974
0.06999999999967876,100.0982499699868
0.07999999999967855,100.09759994879838
0.08999999999967834,100.0968499179842
0.09999999999967812,100.09599987499378
0.10999999999967791,100.09504981697647
0.1199999999996777,100.09399974078136
0.12999999999967748,100.09284964295736
0.13999999999967727,100.09159951975298
0.14999999999967706,100.09024936711634
0.15999999999967685,100.08879918069516
0.16999999999967663,100.08724895583666
0.17999999999967642,100.08559868758744
0.1899999999996762,100.08384837069346
0.199999999999676,100.08199799959996
0.20999999999967578,100.08004756845136
0.21999999999967557,100.07799707109123
0.22999999999967535,100.07584650106203
0.23999999999967514,100.07359585160526
0.24999999999967493,100.0712451156611
0.2599999999996747,100.06879428586855
0.2699999999996745,100.0662433545651
0.2799999999996743,100.0635923137868
0.2899999999996741,100.06084115526798
0.29999999999967386,100.05798987044128
0.30999999999967365,100.05503845043737
0.31999999999967343,100.05198688608492
0.3299999999996732,100.04883516791043
0.339999999999673,100.0455832861381
0.3499999999996728,100.04223123068965
0.3599999999996726,100.0387789911842
0.36999999999967237,100.0352265569381
0.37999999999967216,100.03157391696476
0.38999999999967194,100.02782105997454
0.39999999999967173,100.0239679743745
0.4099999999996715,100.02001464826826
0.4199999999996713,100.01596106945581
0.4299999999996711,100.0118072254334
0.4399999999996709,100.00755310339324
0.44999999999967066,100.00319869022333
0.45999999999967045,99.99874397250736
0.46999999999967024,99.9941889365244
0.47999999999967,99.98953356824872
0.4899999999996698,99.98477785334958
0.4999999999996696,99.97992177719105
0.5099999999996694,99.97496532483176
0.5199999999996692,99.96990848102463
0.529999999999669,99.96475123021673
0.5399999999996687,99.95949355654898
0.5499999999996685,99.95413544385589
0.5599999999996683,99.94867687566543
0.5699999999996681,99.94311783519863
0.5799999999996679,99.93745830536945
0.5899999999996677,99.9316982687844
0.5999999999996675,99.92583770774243
0.6099999999996673,99.91987660423455
0.619999999999667,99.91381493994355
0.6299999999996668,99.90765269624376
0.6399999999996666,99.9013898542008
0.6499999999996664,99.89502639457125
0.6599999999996662,99.88856229780232
0.669999999999666,99.88199754403165
0.6799999999996658,99.87533211308687
0.6899999999996655,99.86856598448547
0.6999999999996653,99.86169913743436
0.7099999999996651,99.85473155082956
0.7199999999996649,99.84766320325592
0.7299999999996647,99.84049407298679
0.7399999999996645,99.83322413798369
0.7499999999996643,99.8258533758959
0.759999999999664,99.81838176406025
0.7699999999996638,99.81080927950066
0.7799999999996636,99.80313589892785
0.7899999999996634,99.79536159873895
0.7999999999996632,99.78748635501715
0.809999999999663,99.7795101435314
0.8199999999996628,99.77143293973587
0.8299999999996626,99.76325471876979
0.8399999999996624,99.75497545545686
0.8499999999996621,99.74659512430502
0.8599999999996619,99.73811369950602
0.8699999999996617,99.72953115493495
0.8799999999996615,99.72084746414994
0.8899999999996613,99.71206260039165
0.8999999999996611,99.703176536583
0.9099999999996609,99.69418924532859
0.9199999999996606,99.6851006989144
0.9299999999996604,99.67591086930729
0.9399999999996602,99.66661972815464
0.94999999999966,99.6572272467838
0.9599999999996598,99.64773339620182
0.9699999999996596,99.63813814709476
0.9799999999996594,99.62844146982748
0.9899999999996592,99.61864333444306
0.9999999999996589,99.60874371066234
1.009999999999657,99.59874256788345
1.0199999999996585,99.58863987518134
1.02999999999966,99.57843560130736
1.039999999999658,99.5681297146887
1.049999999999656,99.5577221834279
1.0599999999996577,99.54721297530237
1.0699999999996592,99.53660205776397
1.0799999999996572,99.52588939793834
1.0899999999996552,99.51507496262455
1.0999999999996568,99.50415871829446
1.1099999999996584,99.49314063109226
1.1199999999996564,99.48202066683396
1.1299999999996544,99.47079879100679
1.139999999999656,99.45947496876866
1.1499999999996575,99.44804916494772
1.1599999999996555,99.43652134404175
1.1699999999996535,99.4248914702175
1.179999999999655,99.41315950731028
1.1899999999996567,99.40132541882332
1.1999999999996547,99.38938916792726
1.2099999999996527,99.37735071745945
1.2199999999996542,99.36521002992345
1.2299999999996558,99.35296706748844
1.2399999999996538,99.34062179198862
1.2499999999996518,99.32817416492259
1.2599999999996534,99.31562414745272
1.269999999999655,99.3029717004046
1.279999999999653,99.2902167842664
1.289999999999651,99.2773593591882
1.2999999999996525,99.2643993849814
1.309999999999654,99.25133682111807
1.3199999999996521,99.23817162673032
1.3299999999996501,99.22490376060964
1.3399999999996517,99.21153318120626
1.3499999999996533,99.19805984662844
1.3599999999996513,99.18448371464189
1.3699999999996493,99.17080474266899
1.3799999999996508,99.15702288778822
1.3899999999996524,99.14313810673339
1.3999999999996504,99.12915035589299
1.4099999999996484,99.1150595913095
1.41999999999965,99.10086576867866
1.4299999999996515,99.08656884334874
1.4399999999996496,99.07216877031992
1.4499999999996476,99.05766550424339
1.4599999999996491,99.0430589994209
1.4699999999996507,99.02834920980371
1.4799999999996487,99.01353608899208
1.4899999999996467,98.99861959023438
1.4999999999996483,98.98359966642647
1.5099999999996498,98.9684762701108
1.5199999999996479,98.95324935347574
1.5299999999996459,98.93791886835476
1.5399999999996474,98.92248476622568
1.549999999999649,98.90694699820986
1.559999999999647,98.89130551507141
1.569999999999645,98.8755602672164
1.5799999999996466,98.85971120469206
1.5899999999996481,98.84375827718594
1.5999999999996461,98.8277014340251
1.6099999999996442,98.81154062417532
1.6199999999996457,98.79527579624018
1.6299999999996473,98.77890689846035
1.6399999999996453,98.76243387871261
1.6499999999996433,98.74585668450909
1.6599999999996449,98.72917526299634
1.6699999999996464,98.71238956095453
1.6799999999996444,98.69549952479653
1.6899999999996425,98.67850510056704
1.699999999999644,98.66140623394165
1.7099999999996456,98.64420287022612
1.7199999999996436,98.62689495435524
1.7299999999996416,98.60948243089207
1.7399999999996432,98.59196524402697
1.7499999999996447,98.5743433375767
1.7599999999996427,98.55661665498353
1.7699999999996407,98.53878513931417
1.7799999999996423,98.5208487332589
1.7899999999996439,98.5028073791307
1.7999999999996419,98.48466101886414
1.80999999999964,98.46640959401452
1.8199999999996415,98.44805304575681
1.829999999999643,98.42959131488473
1.839999999999641,98.41102434180975
1.849999999999639,98.39235206656006
1.8599999999996406,98.3735744287796
1.8699999999996422,98.354691367727
1.8799999999996402,98.3357028222746
1.8899999999996382,98.31660873090745
1.8999999999996398,98.29740903172213
1.9099999999996413,98.27810366242588
1.9199999999996393,98.25869256033545
1.9299999999996373,98.23917566237607
1.939999999999639,98.21955290508033
1.9499999999996405,98.19982422458718
1.9599999999996385,98.17998955664076
1.9699999999996365,98.16004883658943
1.979999999999638,98.14000199938451
1.9899999999996396,98.11984897957929
1.9999999999996376,98.09958971132785
2.0099999999996356,98.07922412838401
2.019999999999637,98.05875216410006
2.0299999999996388,98.03817375142572
2.0399999999996368,98.01748882290703
2.049999999999635,97.99669731068504
2.0599999999996363,97.97579914649477
2.069999999999638,97.95479426166396
2.079999999999636,97.93368258711197
2.089999999999634,97.91246405334844
2.0999999999996355,97.89113859047225
2.109999999999637,97.8697061281702
2.119999999999635,97.84816659571581
2.129999999999633,97.82651992196811
2.1399999999996346,97.80476603537039
2.149999999999636,97.78290486394897
2.159999999999634,97.7609363353119
2.1699999999996322,97.7388603766477
2.179999999999634,97.71667691472415
2.1899999999996353,97.69438587588695
2.1999999999996334,97.67198718605842
2.2099999999996314,97.64948077073619
2.219999999999633,97.62686655499193
2.2299999999996345,97.60414446347004
2.2399999999996325,97.5813144203862
2.2499999999996305,97.55837634952624
2.259999999999632,97.5353301742445
2.2699999999996336,97.51217581746276
2.2799999999996317,97.48891320166872
2.2899999999996297,97.46554224891459
2.2999999999996312,97.44206288081574
2.309999999999633,97.4184750185494
2.319999999999631,97.39477858285312
2.329999999999629,97.37097349402336
2.3399999999996304,97.34705967191408
2.349999999999632,97.32303703593537
2.35999999999963,97.29890550505192
2.369999999999628,97.27466499778156
2.3799999999996295,97.25031543219379
2.389999999999631,97.22585672590834
2.399999999999629,97.20128879609369
2.409999999999627,97.17661155946547
2.4199999999996287,97.15182493228502
2.4299999999996302,97.12692883035787
2.4399999999996282,97.10192316903222
2.4499999999996263,97.07680786319727
2.459999999999628,97.05158282728182
2.4699999999996294,97.0262479752526
2.4799999999996274,97.00080322061281
2.4899999999996254,96.97524847640037
2.499999999999627,96.94958365518639
2.5099999999996285,96.92380866907361
2.5199999999996265,96.89792342969473
2.5299999999996245,96.87192784821076
2.539999999999626,96.84582183530937
2.5499999999996277,96.8196053012033
2.5599999999996257,96.79327815562858
2.5699999999996237,96.76684030784297
2.5799999999996253,96.74029166662417
2.589999999999627,96.71363214026817
2.599999999999625,96.6868616365875
2.609999999999623,96.6599800629095
2.6199999999996244,96.63298732607461
2.629999999999626,96.60588333243463
2.639999999999624,96.57866798785085
2.649999999999622,96.55134119769241
2.6599999999996236,96.52390286683439
2.669999999999625,96.49635289965612
2.679999999999623,96.46869120003927
2.689999999999621,96.44091767136601
2.6999999999996227,96.41303221651728
2.7099999999996243,96.38503473787085
2.7199999999996223,96.35692513729947
2.7299999999996203,96.32870331616897
2.739999999999622,96.3003691753364
2.7499999999996234,96.27192261514813
2.7599999999996214,96.24336353543787
2.7699999999996194,96.21469183552479
2.779999999999621,96.18590741421157
2.7899999999996226,96.15701016978242
2.7999999999996206,96.12800000000111
2.8099999999996186,96.09887680210895
2.81999999999962,96.06964047282287
2.8299999999996217,96.04029090833332
2.8399999999996197,96.01082800430231
2.8499999999996177,95.98125165586129
2.8599999999996193,95.9515617576091
2.869999999999621,95.92175820361003
2.879999999999619,95.89184088739151
2.889999999999617,95.86180970194222
2.8999999999996184,95.83166453970976
2.90999999999962,95.80140529259876
2.919999999999618,95.77103185196853
2.929999999999616,95.74054410863098
2.9399999999996176,95.70994195284845
2.949999999999619,95.6792252743315
2.959999999999617,95.6483939622367
2.969999999999615,95.6174479051644
2.9799999999996167,95.5863869911565
2.9899999999996183,95.5552111076942
2.9999999999996163,95.52392014169577
3.0099999999996143,95.49251397951413
3.019999999999616,95.46099250693469
3.0299999999996174,95.4293556091729
3.0399999999996155,95.39760317087216
3.0499999999996135,95.3657350761011
3.059999999999615,95.33375120835147
3.0699999999996166,95.30165145053574
3.0799999999996146,95.26943568498466
3.0899999999996126,95.23710379344472
3.099999999999614,95.20465565707589
3.1099999999996157,95.17209115644911
3.1199999999996137,95.13941017154382
3.1299999999996118,95.10661258174538
3.1399999999996133,95.07369826584272
3.149999999999615,95.04066710202572
3.159999999999613,95.00751896788269
3.169999999999611,94.97425374039781
3.1799999999996125,94.9408712959485
3.189999999999614,94.90737151030295
3.199999999999612,94.87375425861738
3.20999999999961,94.84001941543352
3.2199999999996116,94.80616685467578
3.229999999999613,94.7721964496488
3.239999999999611,94.73810807303462
3.249999999999609,94.70390159689003
3.2599999999996108,94.66957689264373
3.2699999999996123,94.63513383109375
3.2799999999996103,94.60057228240463
3.2899999999996083,94.56589211610451
3.29999999999961,94.5310932010825
3.3099999999996115,94.49617540558573
3.3199999999996095,94.46113859721656
3.3299999999996075,94.42598264292971
3.339999999999609,94.39070740902935
3.3499999999996106,94.35531276116619
3.3599999999996086,94.31979856433459
3.3699999999996066,94.28416468286953
3.379999999999608,94.24841098044375
3.3899999999996098,94.21253732006467
3.399999999999608,94.1765435640714
3.409999999999606,94.1404295741317
3.4199999999996074,94.10419521123893
3.429999999999609,94.067840335709
3.439999999999607,94.03136480717718
3.449999999999605,93.99476848459508
3.4599999999996065,93.9580512262274
3.469999999999608,93.92121288964886
3.479999999999606,93.88425333174095
3.489999999999604,93.84717240868869
3.4999999999996056,93.80996997597744
3.509999999999607,93.77264588838963
3.5199999999996052,93.73520000000148
3.5299999999996032,93.69763216417962
3.539999999999605,93.65994223357781
3.5499999999996064,93.62213006013361
3.5599999999996044,93.58419549506499
3.5699999999996024,93.54613838886682
3.579999999999604,93.50795859130751
3.5899999999996055,93.46965595142564
3.5999999999996035,93.43123031752633
3.6099999999996015,93.39268153717778
3.619999999999603,93.35400945720774
3.6299999999996047,93.31521392369996
3.6399999999996027,93.27629478199064
3.6499999999996007,93.23725187666473
3.6599999999996022,93.1980850515523
3.669999999999604,93.15879414972493
3.679999999999602,93.11937901349205
3.6899999999996,93.07983948439707
3.6999999999996014,93.04017540321372
3.709999999999603,93.00038660994232
3.719999999999601,92.96047294380594
3.729999999999599,92.92043424324649
3.7399999999996005,92.88027034592092
3.749999999999602,92.8399810886974
3.7599999999996,92.79956630765128
3.769999999999598,92.75902583806119
3.7799999999995997,92.71835951440508
3.7899999999996012,92.67756717035621
3.7999999999995993,92.63664863877906
3.8099999999995973,92.59560375172533
3.819999999999599,92.55443234042983
3.8299999999996004,92.51313423530624
3.8399999999995984,92.47170926594316
3.8499999999995964,92.43015726109977
3.859999999999598,92.38847804870156
3.8699999999995995,92.34667145583623
3.8799999999995975,92.30473730874932
3.8899999999995956,92.26267543283988
3.899999999999597,92.22048565265611
3.9099999999995987,92.17816779189104
3.9199999999995967,92.13572167337804
3.9299999999995947,92.09314711908642
3.9399999999995963,92.05044395011689
3.949999999999598,92.00761198669709
3.959999999999596,91.96465104817705
3.969999999999594,91.92156095302448
3.9799999999995954,91.87834151882033
3.989999999999597,91.83499256225396
3.999999999999595,91.79151389911857
4.009999999999593,91.74790534430636
4.019999999999595,91.70416671180385
4.029999999999596,91.66029781468706
4.039999999999594,91.61629846511663
4.049999999999592,91.57216847433295
4.059999999999594,91.52790765265124
4.069999999999595,91.48351580945668
4.079999999999593,91.43899275319929
4.089999999999591,91.39433829138896
4.099999999999593,91.34955223059038
4.109999999999594,91.30463437641792
4.119999999999592,91.25958453353054
4.12999999999959,91.21440250562642
4.139999999999592,91.16908809543796
4.149999999999594,91.12364110472635
4.159999999999592,91.07806133427636
4.16999999999959,91.03234858389087
4.179999999999591,90.98650265238551
4.189999999999593,90.94052333758337
4.199999999999591,90.89441043630931
4.209999999999589,90.84816374438451
4.21999999999959,90.8017830566209
4.229999999999592,90.75526816681564
4.23999999999959,90.70861886774532
4.249999999999588,90.6618349511603
4.2599999999995894,90.61491620777899
4.269999999999591,90.56786242728208
4.279999999999589,90.52067339830668
4.289999999999587,90.47334890844036
4.299999999999589,90.42588874421527
4.30999999999959,90.37829269110225
4.319999999999588,90.33056053350467
4.329999999999586,90.28269205475239
4.339999999999588,90.23468703709564
4.349999999999589,90.1865452616989
4.359999999999587,90.1382665086346
4.369999999999585,90.08985055687688
4.379999999999587,90.04129718429519
4.3899999999995885,89.99260616764808
4.3999999999995865,89.94377728257662
4.4099999999995845,89.89481030359796
4.419999999999586,89.84570500409882
4.429999999999588,89.79646115632887
4.439999999999586,89.74707853139418
4.449999999999584,89.69755689925034
4.459999999999585,89.64789602869588
4.469999999999587,89.59809568736543
4.479999999999585,89.54815564172281
4.489999999999583,89.49807565705414
4.499999999999584,89.44785549746085
4.509999999999586,89.39749492585268
4.519999999999584,89.3469937039406
4.529999999999582,89.29635159222956
4.5399999999995835,89.24556835001141
4.549999999999585,89.19464373535759
4.559999999999583,89.14357750511176
4.569999999999581,89.09236941488243
4.579999999999583,89.04101921903552
4.589999999999584,88.98952667068686
4.599999999999582,88.93789152169461
4.60999999999958,88.88611352265157
4.619999999999582,88.83419242287755
4.629999999999583,88.78212797041152
4.639999999999581,88.72991991200388
4.649999999999579,88.67756799310844
4.659999999999581,88.62507195787452
4.6699999999995825,88.57243154913895
4.6799999999995805,88.5196465084179
4.6899999999995785,88.46671657589873
4.69999999999958,88.41364149043167
4.709999999999582,88.36042098952171
4.71999999999958,88.30705480932008
4.729999999999578,88.25354268461571
4.739999999999579,88.19988434882684
4.749999999999581,88.14607953399246
4.759999999999579,88.09212797076349
4.769999999999577,88.03802938839405
4.779999999999578,87.98378351473274
4.78999999999958,87.92939007621368
4.799999999999578,87.87484879784755
4.809999999999576,87.82015940321241
4.8199999999995775,87.76532161444479
4.829999999999579,87.71033515223024
4.839999999999577,87.6551997357943
4.849999999999575,87.5999150828928
4.859999999999577,87.54448090980267
4.869999999999578,87.48889693131228
4.879999999999576,87.43316286071185
4.889999999999574,87.37727840978368
4.899999999999576,87.32124328879242
4.909999999999577,87.26505720647518
4.919999999999575,87.20871987003153
4.929999999999573,87.15223098511349
4.939999999999575,87.09559025581524
4.9499999999995765,87.03879738466308
4.9599999999995745,86.98185207260502
4.9699999999995725,86.92475401900033
4.979999999999574,86.86750292160895
4.989999999999576,86.81009847658108
4.999999999999574,86.75254037844631
